Designator,Mid X,Mid Y,Rotation,Layer
C1,100.79145,-107.232553,180.0,top
C2,95.96545,-107.232553,0.0,top
C3,92.067621,-111.0,0.0,top
D1,78.18545,-106.216553,180.0,top
J1,92.5,-118.5,180.0,top
J2,79.5,-118.5,180.0,top
J3,110.69745,-98.616553,90.0,top
MD1,99.570013,-98.797491,180.0,top
R1,91.64745,-95.040553,270.0,top
R2,89.86945,-98.596553,90.0,top
R3,99.26745,-84.880553,0.0,top
R4,94.69545,-84.880553,180.0,top
U1,77.71345,-87.531803,0.0,top
